Date,Price,Open,High,Low,Vol.,Change %
16-Dec-20,90.078,90.445,90.468,90.045,-,-0.37%
15-Dec-20,90.409,90.595,90.78,90.345,22.41K,-0.35%
14-Dec-20,90.731,90.78,90.9,90.455,0.53K,-0.26%
11-Dec-20,90.97,90.75,91.05,90.63,11.62K,0.17%
10-Dec-20,90.82,91.065,91.155,90.655,20.89K,-0.29%
9-Dec-20,91.083,90.905,91.205,90.69,26.09K,0.13%
8-Dec-20,90.968,90.915,91.02,90.745,23.12K,0.20%
7-Dec-20,90.789,90.795,91.24,90.61,35.14K,0.10%
4-Dec-20,90.694,90.65,90.87,90.47,32.95K,-0.03%
3-Dec-20,90.718,91.07,91.095,90.505,22.12K,-0.44%
2-Dec-20,91.115,91.19,91.495,90.98,25.50K,-0.20%
1-Dec-20,91.297,91.9,91.915,91.14,29.58K,-0.61%
30-Nov-20,91.858,91.73,92.04,91.49,31.58K,0.06%
27-Nov-20,91.801,92,92.035,91.74,9.92K,-0.18%
26-Nov-20,91.966,91.95,92.165,91.83,8.18K,0.00%
25-Nov-20,91.966,92.118,92.252,91.91,-,-0.28%
24-Nov-20,92.22,92.51,92.555,92.105,23.19K,-0.30%
23-Nov-20,92.494,92.345,92.795,92,35.61K,0.11%
20-Nov-20,92.395,92.33,92.425,92.185,16.26K,0.12%
19-Nov-20,92.284,92.505,92.72,92.225,20.05K,-0.03%
18-Nov-20,92.311,92.44,92.51,92.195,14.66K,-0.09%
17-Nov-20,92.398,92.485,92.605,92.25,17.59K,-0.25%
16-Nov-20,92.63,92.715,92.85,92.435,29.49K,-0.13%
13-Nov-20,92.75,92.96,93.005,92.7,14.30K,-0.22%
12-Nov-20,92.956,92.97,93.125,92.755,23.31K,-0.07%
11-Nov-20,93.024,92.73,93.19,92.595,23.55K,0.31%
10-Nov-20,92.736,92.81,92.965,92.585,22.87K,0.02%
9-Nov-20,92.715,92.23,92.97,92.12,45.99K,0.53%
6-Nov-20,92.225,92.74,92.825,92.165,32.88K,-0.31%
5-Nov-20,92.516,93.4,93.54,92.47,35.45K,-0.96%
4-Nov-20,93.411,93.66,94.33,93.245,36.54K,-0.16%
3-Nov-20,93.56,94.035,94.06,93.295,18.24K,-0.62%
2-Nov-20,94.145,94.095,94.315,93.99,14.75K,0.11%
30-Oct-20,94.042,93.925,94.105,93.66,18.48K,0.07%
29-Oct-20,93.977,93.47,94.14,93.355,26.34K,0.61%
28-Oct-20,93.409,93.11,93.66,93.04,25.86K,0.52%
27-Oct-20,92.927,93.06,93.13,92.775,13.97K,-0.13%
26-Oct-20,93.044,92.75,93.11,92.73,14.72K,0.30%
23-Oct-20,92.765,92.97,93.13,92.645,17.69K,-0.21%
22-Oct-20,92.964,92.725,92.99,92.61,12.27K,0.39%
21-Oct-20,92.599,93.035,93.06,92.46,24.27K,-0.49%
20-Oct-20,93.051,93.415,93.505,92.975,22.35K,-0.40%
19-Oct-20,93.429,93.72,93.775,93.195,21.62K,-0.27%
16-Oct-20,93.679,93.815,93.885,93.52,19.36K,-0.20%
15-Oct-20,93.864,93.435,93.925,93.365,17.90K,0.53%
14-Oct-20,93.366,93.54,93.68,93.24,24.15K,-0.18%
13-Oct-20,93.536,93.075,93.605,93.045,28.34K,0.46%
12-Oct-20,93.104,93.11,93.27,93.025,17.46K,0.04%
9-Oct-20,93.065,93.575,93.62,93,19.92K,-0.62%
8-Oct-20,93.648,93.67,93.82,93.525,14.79K,-0.03%
7-Oct-20,93.678,93.89,93.975,93.605,20.28K,-0.07%
6-Oct-20,93.744,93.455,93.915,93.375,26.66K,0.21%
5-Oct-20,93.545,93.915,93.955,93.415,17.46K,-0.39%
2-Oct-20,93.909,93.8,94.09,93.735,21.82K,0.16%
1-Oct-20,93.762,93.865,93.98,93.565,24.77K,-0.18%
30-Sep-20,93.927,93.9,94.25,93.7,20.01K,0.00%
29-Sep-20,93.927,94.205,94.35,93.86,17.39K,-0.40%
28-Sep-20,94.302,94.63,94.67,94.175,20.24K,-0.40%
25-Sep-20,94.682,94.345,94.795,94.225,18.88K,0.31%
24-Sep-20,94.394,94.44,94.655,94.225,23.95K,-0.05%
23-Sep-20,94.443,94.03,94.495,93.965,30.72K,0.45%
22-Sep-20,94.018,93.585,94.12,93.5,23.40K,0.36%
21-Sep-20,93.684,93.005,93.815,92.755,32.24K,0.79%
18-Sep-20,92.952,92.895,93.045,92.77,15.65K,-0.02%
17-Sep-20,92.969,93.19,93.63,92.875,31.14K,-0.28%
16-Sep-20,93.231,93.13,93.3,92.8,35.51K,0.16%
15-Sep-20,93.085,93.07,93.185,92.79,18.64K,0.19%
14-Sep-20,92.912,93.25,93.3,92.91,3.15K,-0.44%
11-Sep-20,93.32,93.345,93.375,93.11,11.40K,-0.01%
10-Sep-20,93.331,93.27,93.45,92.7,21.15K,0.08%
9-Sep-20,93.258,93.535,93.665,93.125,24.80K,-0.20%
8-Sep-20,93.441,93.05,93.52,93,30.04K,0.78%
7-Sep-20,92.719,92.8,93.09,92.8,7.78K,0.00%
4-Sep-20,92.719,92.825,93.245,92.665,25.88K,-0.02%
3-Sep-20,92.733,92.705,93.085,92.685,20.74K,-0.11%
2-Sep-20,92.834,92.265,92.875,92.235,24.03K,0.55%
1-Sep-20,92.325,92.178,92.403,91.737,-,0.21%
31-Aug-20,92.131,92.3,92.49,91.99,29.09K,-0.27%
28-Aug-20,92.379,93.03,93.1,92.18,35.37K,-0.66%
27-Aug-20,92.991,92.835,93.35,92.385,46.98K,-0.01%
26-Aug-20,92.996,93.02,93.375,92.835,18.76K,-0.02%
25-Aug-20,93.019,93.27,93.35,92.96,16.29K,-0.29%
24-Aug-20,93.289,93.215,93.34,92.83,16.20K,0.05%
21-Aug-20,93.24,92.69,93.48,92.565,25.53K,0.50%
20-Aug-20,92.778,92.975,93.245,92.71,19.71K,-0.11%
19-Aug-20,92.88,92.21,93.065,92.145,21.58K,0.67%
18-Aug-20,92.259,92.82,92.82,92.11,21.71K,-0.63%
17-Aug-20,92.847,93.035,93.115,92.75,12.46K,-0.26%
14-Aug-20,93.085,93.245,93.41,92.995,15.38K,-0.25%
13-Aug-20,93.317,93.365,93.39,92.905,19.29K,-0.10%
12-Aug-20,93.408,93.655,93.895,93.21,20.59K,-0.21%
11-Aug-20,93.6,93.595,93.735,93.14,23.50K,0.03%
10-Aug-20,93.569,93.415,93.685,93.275,15.75K,0.17%
7-Aug-20,93.412,92.785,93.625,92.74,25.84K,0.69%
6-Aug-20,92.768,92.78,93.085,92.475,24.33K,-0.09%
5-Aug-20,92.85,93.145,93.235,92.535,20.13K,-0.57%
4-Aug-20,93.378,93.505,93.815,93.215,18.00K,-0.14%
3-Aug-20,93.507,93.39,93.98,93.295,24.99K,0.20%
31-Jul-20,93.321,92.775,93.525,92.51,28.57K,0.34%
30-Jul-20,93.009,93.305,93.64,92.89,26.95K,-0.45%
29-Jul-20,93.432,93.71,93.77,93.12,24.75K,-0.23%
28-Jul-20,93.647,93.49,93.965,93.45,23.58K,0.03%
27-Jul-20,93.615,94.345,94.375,93.42,23.56K,-0.81%
24-Jul-20,94.38,94.75,94.78,94.1,18.25K,-0.28%
23-Jul-20,94.649,94.955,95.15,94.54,17.88K,-0.30%
22-Jul-20,94.93,95.09,95.375,94.775,17.68K,-0.14%
21-Jul-20,95.06,95.7,95.87,94.98,24.68K,-0.74%
20-Jul-20,95.772,96,96.145,95.675,18.20K,-0.12%
17-Jul-20,95.889,96.26,96.295,95.845,11.60K,-0.45%
16-Jul-20,96.319,95.975,96.38,95.845,18.27K,0.29%
15-Jul-20,96.039,96.12,96.215,95.72,14.53K,-0.17%
14-Jul-20,96.207,96.52,96.67,96.125,12.97K,-0.21%
13-Jul-20,96.407,96.585,96.64,96.205,18.71K,-0.21%
10-Jul-20,96.614,96.745,96.96,96.395,16.73K,-0.06%
9-Jul-20,96.673,96.415,96.78,96.18,21.92K,0.32%
8-Jul-20,96.368,96.91,97.005,96.345,18.91K,-0.49%
7-Jul-20,96.839,96.7,97.105,96.555,16.29K,0.16%
6-Jul-20,96.682,97.19,97.19,96.5,20.09K,-0.64%
3-Jul-20,97.301,97.21,97.35,97.145,5.24K,0.00%
2-Jul-20,97.301,97.14,97.335,96.79,17.42K,0.15%
1-Jul-20,97.155,97.375,97.615,96.985,16.05K,-0.20%
30-Jun-20,97.349,97.39,97.81,97.185,18.34K,-0.16%
29-Jun-20,97.501,97.475,97.61,97.085,13.59K,0.10%
26-Jun-20,97.404,97.335,97.665,97.235,10.76K,0.02%
25-Jun-20,97.388,97.21,97.585,97.135,16.12K,0.27%
24-Jun-20,97.129,96.605,97.205,96.5,18.30K,0.54%
23-Jun-20,96.608,96.84,97.215,96.32,21.21K,-0.39%
22-Jun-20,96.985,97.63,97.7,96.94,15.16K,-0.61%
19-Jun-20,97.577,97.4,97.7,97.115,18.10K,0.18%
18-Jun-20,97.4,97.08,97.555,96.93,13.31K,0.26%
17-Jun-20,97.144,96.95,97.35,96.765,15.42K,0.22%
16-Jun-20,96.933,96.49,97.24,96.385,21.71K,-0.05%
15-Jun-20,96.978,97.17,97.385,97.035,0.54K,-0.34%
12-Jun-20,97.305,96.835,97.455,96.505,7.39K,0.59%
11-Jun-20,96.739,96.145,96.82,95.945,16.97K,0.82%
10-Jun-20,95.95,96.445,96.465,95.705,29.44K,-0.39%
9-Jun-20,96.321,96.635,97.065,96.215,19.69K,-0.30%
8-Jun-20,96.608,96.935,97.065,96.58,19.42K,-0.32%
5-Jun-20,96.922,96.765,97.05,96.43,23.99K,0.27%
4-Jun-20,96.657,97.32,97.635,96.56,30.71K,-0.62%
3-Jun-20,97.259,97.57,97.615,97.155,25.24K,-0.41%
2-Jun-20,97.659,97.86,97.9,97.42,15.32K,-0.16%
1-Jun-20,97.82,98.265,98.335,97.77,15.02K,-0.53%
29-May-20,98.341,98.47,98.55,97.935,21.71K,-0.03%
28-May-20,98.372,98.93,99.095,98.335,25.98K,-0.69%
27-May-20,99.058,99.01,99.36,98.715,20.95K,0.15%
26-May-20,98.906,99.76,99.785,98.895,18.17K,-0.98%
25-May-20,99.888,99.79,99.995,99.7,4.07K,0.00%
22-May-20,99.888,99.445,99.9,99.4,13.88K,0.49%
21-May-20,99.403,99.18,99.54,99.03,11.52K,0.27%
20-May-20,99.135,99.56,99.57,99.005,13.17K,-0.23%
19-May-20,99.366,99.635,99.755,99.245,18.18K,-0.32%
18-May-20,99.681,100.435,100.515,99.595,17.63K,-0.75%
15-May-20,100.434,100.305,100.515,100.095,12.71K,-0.07%
14-May-20,100.507,100.245,100.605,100.2,13.87K,0.22%
13-May-20,100.291,100.055,100.325,99.585,14.30K,0.34%
12-May-20,99.956,100.27,100.51,99.685,12.08K,-0.31%
11-May-20,100.27,99.86,100.35,99.69,14.20K,0.50%
8-May-20,99.769,99.84,99.97,99.46,11.06K,-0.14%
7-May-20,99.906,100.265,100.455,99.825,13.98K,-0.23%
6-May-20,100.136,99.84,100.265,99.8,8.86K,0.37%
5-May-20,99.762,99.58,100.07,99.375,12.35K,0.20%
4-May-20,99.567,99.1,99.655,99.09,14.59K,0.47%
1-May-20,99.1,99.13,99.225,98.765,12.23K,0.07%
30-Apr-20,99.028,99.55,99.8,98.83,26.66K,-0.62%
29-Apr-20,99.644,99.935,99.955,99.515,10.39K,-0.29%
28-Apr-20,99.934,100.155,100.295,99.485,13.66K,-0.16%
27-Apr-20,100.097,100.27,100.37,99.84,11.46K,-0.34%
24-Apr-20,100.434,100.615,100.975,100.25,11.91K,-0.10%
23-Apr-20,100.535,100.595,100.85,100.12,22.23K,0.01%
22-Apr-20,100.528,100.33,100.625,99.99,11.26K,0.15%
21-Apr-20,100.374,100.055,100.63,100.03,16.31K,0.32%
20-Apr-20,100.058,99.77,100.185,99.75,13.17K,0.22%
17-Apr-20,99.836,99.97,100.355,99.66,12.80K,-0.26%
16-Apr-20,100.1,99.67,100.39,99.64,13.51K,0.62%
15-Apr-20,99.486,98.82,100.06,98.82,15.57K,0.61%
14-Apr-20,98.885,99.38,99.435,98.815,11.13K,-0.45%
13-Apr-20,99.336,99.495,99.64,99.11,9.03K,-0.17%
9-Apr-20,99.504,100.2,100.345,99.31,16.15K,-0.66%
8-Apr-20,100.17,99.98,100.51,99.95,11.10K,0.26%
7-Apr-20,99.914,100.83,100.83,99.715,15.56K,-0.83%
6-Apr-20,100.755,100.865,101.03,100.535,11.18K,0.08%
3-Apr-20,100.677,100.305,100.965,100.24,10.32K,0.40%
2-Apr-20,100.271,99.625,100.5,99.445,12.72K,0.52%
1-Apr-20,99.753,99.025,99.915,98.955,12.13K,0.67%
31-Mar-20,99.092,99.285,100.125,98.875,18.58K,-0.19%
30-Mar-20,99.281,98.43,99.445,98.395,11.21K,0.76%
27-Mar-20,98.537,99.43,100.02,98.345,15.81K,-0.92%
26-Mar-20,99.453,100.97,101.08,99.365,15.00K,-1.53%
25-Mar-20,100.997,101.865,102.11,100.835,13.89K,-1.22%
24-Mar-20,102.247,102.83,102.915,101.555,20.69K,-0.96%
23-Mar-20,103.24,103.15,103.96,102.3,21.53K,-0.25%
20-Mar-20,103.502,103.78,103.825,101.905,23.16K,-0.10%
19-Mar-20,103.605,101.13,103.7,101.045,34.70K,2.03%
18-Mar-20,101.543,99.695,102.04,99.385,26.16K,1.74%
17-Mar-20,99.804,98.225,100.075,98.105,26.90K,1.59%
16-Mar-20,98.24,97.985,98.47,97.555,0.13K,-0.53%
13-Mar-20,98.764,97.495,98.845,97.335,17.20K,1.33%
12-Mar-20,97.464,96.62,98.335,96.055,44.99K,1.01%
11-Mar-20,96.492,96.285,96.61,95.9,37.23K,0.11%
10-Mar-20,96.389,95.375,96.58,95.18,64.64K,1.60%
9-Mar-20,94.87,95.72,95.78,94.61,102.13K,-1.11%
6-Mar-20,95.934,96.645,96.655,95.685,42.51K,-0.88%
5-Mar-20,96.79,97.345,97.41,96.49,24.40K,-0.53%
4-Mar-20,97.307,97.145,97.565,97.07,22.20K,0.19%
3-Mar-20,97.122,97.52,97.655,96.875,51.42K,-0.20%
2-Mar-20,97.319,97.985,98.045,97.135,45.68K,-0.78%
28-Feb-20,98.081,98.39,98.615,97.91,41.69K,-0.39%
27-Feb-20,98.461,98.965,98.995,98.295,28.47K,-0.48%
26-Feb-20,98.938,98.99,99.2,98.85,18.10K,0.04%
25-Feb-20,98.901,99.26,99.32,98.81,22.34K,-0.39%
24-Feb-20,99.284,99.38,99.57,99.03,23.27K,0.10%
21-Feb-20,99.188,99.765,99.79,99.14,23.26K,-0.59%
20-Feb-20,99.776,99.47,99.815,99.445,18.07K,0.18%
19-Feb-20,99.597,99.315,99.62,99.275,14.00K,0.27%
18-Feb-20,99.333,99.1,99.375,99.03,13.76K,0.33%
17-Feb-20,99.003,99.03,99.095,98.935,3.91K,0.00%
14-Feb-20,99.003,98.995,99.045,98.875,16.18K,0.05%
13-Feb-20,98.958,98.895,99.01,98.745,12.79K,0.04%
12-Feb-20,98.922,98.665,98.925,98.58,14.97K,0.33%
11-Feb-20,98.594,98.75,98.855,98.585,14.35K,-0.12%
10-Feb-20,98.714,98.57,98.77,98.49,11.20K,0.15%
7-Feb-20,98.571,98.335,98.6,98.3,13.51K,0.19%
6-Feb-20,98.381,98.18,98.445,98.075,14.24K,0.23%
5-Feb-20,98.158,97.8,98.18,97.76,18.14K,0.36%
4-Feb-20,97.809,97.645,97.855,97.635,11.60K,0.19%
3-Feb-20,97.625,97.245,97.755,97.23,18.79K,0.42%
31-Jan-20,97.213,97.685,97.79,97.165,19.45K,-0.50%
30-Jan-20,97.706,97.86,97.91,97.62,15.51K,-0.12%
29-Jan-20,97.819,97.78,98.005,97.76,10.09K,-0.02%
28-Jan-20,97.835,97.745,97.975,97.715,10.15K,0.07%
27-Jan-20,97.767,97.64,97.8,97.59,17.92K,0.12%
24-Jan-20,97.65,97.49,97.74,97.45,16.25K,0.17%
23-Jan-20,97.484,97.305,97.59,97.185,18.07K,0.19%
22-Jan-20,97.295,97.38,97.46,97.15,12.49K,0.00%
21-Jan-20,97.294,97.385,97.42,97.15,11.01K,-0.07%
20-Jan-20,97.359,97.4,97.485,97.335,4.74K,0.00%
17-Jan-20,97.359,97.07,97.41,97.01,12.42K,0.31%
16-Jan-20,97.062,96.935,97.115,96.815,11.83K,0.11%
15-Jan-20,96.96,97.095,97.18,96.885,10.98K,-0.14%
14-Jan-20,97.094,97.09,97.305,97.045,8.81K,0.04%
13-Jan-20,97.06,97.1,97.245,97.02,8.53K,-0.02%
10-Jan-20,97.078,97.145,97.3,97.005,10.77K,-0.09%
9-Jan-20,97.162,96.985,97.275,96.955,11.37K,0.17%
8-Jan-20,96.996,96.56,97.04,96.525,13.73K,0.30%
7-Jan-20,96.702,96.37,96.795,96.31,11.61K,0.37%
6-Jan-20,96.35,96.565,96.585,96.23,10.96K,-0.18%
3-Jan-20,96.521,96.44,96.795,96.395,12.64K,0.00%
2-Jan-20,96.525,96.14,96.56,96.1,17.44K,0.49%
31-Dec-19,96.058,96.415,96.415,96.02,11.50K,-0.36%
30-Dec-19,96.407,96.595,96.63,96.255,12.04K,-0.14%
27-Dec-19,96.546,97.145,97.16,96.535,14.11K,-0.59%
26-Dec-19,97.115,97.255,97.295,97.075,4.49K,-0.14%
24-Dec-19,97.251,97.26,97.39,97.2,4.04K,0.02%
23-Dec-19,97.235,97.295,97.405,97.17,6.53K,-0.04%
20-Dec-19,97.274,96.995,97.35,96.975,11.73K,0.33%
19-Dec-19,96.955,96.975,97.065,96.805,10.32K,-0.01%
18-Dec-19,96.963,96.79,97.045,96.78,9.89K,0.19%
17-Dec-19,96.777,96.705,96.865,96.585,13.27K,-0.19%
16-Dec-19,96.965,97.15,97.15,96.93,0.39K,-0.21%
13-Dec-19,97.171,96.835,97.23,96.715,9.00K,-0.22%
12-Dec-19,97.384,97.07,97.52,97.03,22.81K,0.34%
11-Dec-19,97.056,97.485,97.575,97.015,24.33K,-0.34%
10-Dec-19,97.385,97.62,97.63,97.37,13.49K,-0.23%
9-Dec-19,97.609,97.665,97.7,97.525,21.77K,-0.05%
6-Dec-19,97.661,97.38,97.815,97.2,26.39K,0.30%
5-Dec-19,97.371,97.535,97.555,97.31,10.06K,-0.24%
4-Dec-19,97.602,97.67,97.74,97.355,17.81K,-0.08%
3-Dec-19,97.681,97.87,97.88,97.585,12.75K,-0.11%
2-Dec-19,97.791,98.21,98.32,97.75,23.02K,-0.42%
29-Nov-19,98.202,98.265,98.495,98.155,11.82K,-0.09%
28-Nov-19,98.288,98.265,98.34,98.2,3.66K,0.00%
27-Nov-19,98.288,98.225,98.37,98.205,10.95K,0.12%
26-Nov-19,98.17,98.25,98.31,98.145,7.74K,-0.07%
25-Nov-19,98.238,98.19,98.295,98.08,8.19K,0.06%
22-Nov-19,98.176,97.86,98.215,97.7,11.32K,0.28%
21-Nov-19,97.899,97.775,97.945,97.62,15.47K,0.09%
20-Nov-19,97.814,97.73,97.93,97.73,10.12K,0.07%
19-Nov-19,97.742,97.715,97.77,97.635,7.19K,0.08%
18-Nov-19,97.663,97.87,97.87,97.55,12.90K,-0.21%
15-Nov-19,97.871,98.01,98.11,97.83,7.26K,-0.15%
14-Nov-19,98.019,98.21,98.29,97.97,9.44K,-0.21%
13-Nov-19,98.23,98.185,98.3,98.14,10.00K,0.08%
12-Nov-19,98.151,98.075,98.27,98.055,8.45K,0.12%
11-Nov-19,98.033,98.23,98.235,97.97,8.46K,-0.17%
8-Nov-19,98.201,97.995,98.245,97.945,10.51K,0.22%
7-Nov-19,97.989,97.78,98.075,97.66,16.09K,0.23%
6-Nov-19,97.764,97.76,97.805,97.6,13.05K,-0.04%
5-Nov-19,97.805,97.355,97.825,97.275,20.72K,0.45%
4-Nov-19,97.366,97.03,97.38,96.975,11.56K,0.33%
1-Nov-19,97.041,97.11,97.265,96.96,14.89K,-0.12%
31-Oct-19,97.154,97.255,97.255,97.015,17.25K,-0.29%
30-Oct-19,97.439,97.46,97.8,97.23,16.51K,-0.03%
29-Oct-19,97.469,97.525,97.7,97.38,10.43K,-0.06%
28-Oct-19,97.524,97.6,97.665,97.445,7.77K,-0.08%
25-Oct-19,97.599,97.445,97.68,97.34,9.81K,0.20%
24-Oct-19,97.405,97.215,97.555,97.055,18.18K,0.17%
23-Oct-19,97.236,97.23,97.39,97.15,10.41K,-0.02%
22-Oct-19,97.256,97.04,97.315,96.99,17.85K,0.21%
21-Oct-19,97.05,97.06,97.13,96.885,14.80K,0.04%
18-Oct-19,97.008,97.355,97.395,96.91,19.05K,-0.34%
17-Oct-19,97.335,97.74,97.845,97.22,25.72K,-0.40%
16-Oct-19,97.723,98.02,98.145,97.61,32.82K,-0.29%
15-Oct-19,98.003,98.19,98.375,97.915,28.44K,-0.17%
14-Oct-19,98.17,98.04,98.265,98.04,11.24K,0.17%
11-Oct-19,98.005,98.4,98.45,97.885,31.39K,-0.41%
10-Oct-19,98.406,98.755,98.795,98.325,18.50K,-0.41%
9-Oct-19,98.815,98.78,98.865,98.595,11.27K,-0.01%
8-Oct-19,98.822,98.665,98.955,98.54,13.92K,0.16%
7-Oct-19,98.665,98.52,98.705,98.425,9.10K,0.18%
4-Oct-19,98.488,98.56,98.69,98.34,10.91K,-0.05%
3-Oct-19,98.54,98.69,98.875,98.3,17.38K,-0.15%
2-Oct-19,98.689,98.795,99.08,98.62,13.66K,-0.09%
1-Oct-19,98.777,99.035,99.305,98.705,23.62K,-0.25%
30-Sep-19,99.021,98.77,99.115,98.71,13.81K,0.26%
27-Sep-19,98.761,98.805,98.955,98.63,10.39K,0.00%
26-Sep-19,98.765,98.595,98.915,98.45,13.50K,0.11%
25-Sep-19,98.659,97.99,98.69,97.965,17.35K,0.75%
24-Sep-19,97.927,98.275,98.32,97.88,14.59K,-0.30%
23-Sep-19,98.221,98.145,98.455,98.07,13.35K,0.09%
20-Sep-19,98.136,97.935,98.25,97.735,13.51K,0.30%
19-Sep-19,97.847,98.15,98.21,97.775,12.90K,-0.29%
18-Sep-19,98.134,97.75,98.27,97.75,14.07K,0.32%
17-Sep-19,97.819,98.22,98.29,97.735,12.69K,-0.82%
16-Sep-19,98.627,98.1,98.5,98.055,0.32K,0.38%
13-Sep-19,98.255,98.42,98.435,98,8.35K,-0.05%
12-Sep-19,98.308,98.62,99.105,98.19,26.09K,-0.32%
11-Sep-19,98.628,98.305,98.73,98.28,28.56K,0.33%
10-Sep-19,98.307,98.3,98.44,98.135,14.07K,0.06%
9-Sep-19,98.248,98.39,98.475,98.105,30.45K,-0.12%
6-Sep-19,98.362,98.4,98.48,98.14,22.16K,-0.02%
5-Sep-19,98.382,98.35,98.515,98.035,16.28K,-0.01%
4-Sep-19,98.393,98.89,98.915,98.34,18.92K,-0.56%
3-Sep-19,98.949,99.01,99.33,98.865,21.30K,0.09%
2-Sep-19,98.86,98.795,99.085,98.715,8.33K,0.00%
30-Aug-19,98.86,98.355,98.97,98.345,19.95K,0.41%
29-Aug-19,98.455,98.135,98.485,98.1,19.95K,0.34%
28-Aug-19,98.12,97.94,98.18,97.92,10.40K,0.22%
27-Aug-19,97.907,97.915,97.96,97.765,9.70K,-0.08%
26-Aug-19,97.989,97.46,97.995,97.37,18.90K,0.47%
23-Aug-19,97.53,98.095,98.455,97.455,29.65K,-0.54%
22-Aug-19,98.064,98.155,98.29,97.965,13.48K,-0.12%
21-Aug-19,98.179,98.075,98.225,98,8.81K,0.12%
20-Aug-19,98.063,98.24,98.335,97.99,11.52K,-0.16%
19-Aug-19,98.221,98.06,98.27,98.005,9.29K,0.22%
16-Aug-19,98.007,98.005,98.205,97.965,10.74K,0.00%
15-Aug-19,98.005,97.815,98.095,97.68,17.08K,0.18%
14-Aug-19,97.826,97.61,97.895,97.5,15.21K,0.20%
13-Aug-19,97.631,97.22,97.69,97.125,27.58K,0.45%
12-Aug-19,97.198,97.37,97.55,97.13,13.13K,-0.13%
9-Aug-19,97.322,97.405,97.465,97.175,15.80K,-0.11%
8-Aug-19,97.434,97.42,97.565,97.215,16.65K,0.09%
7-Aug-19,97.345,97.37,97.535,97.115,15.77K,-0.07%
6-Aug-19,97.417,97.08,97.565,96.98,20.26K,0.11%
5-Aug-19,97.308,97.9,97.93,97.19,26.78K,-0.56%
2-Aug-19,97.852,98.19,98.225,97.815,18.15K,-0.30%
1-Aug-19,98.144,98.365,98.7,98.04,26.68K,-0.12%
31-Jul-19,98.258,97.805,98.445,97.755,27.89K,0.46%
30-Jul-19,97.809,97.84,97.96,97.765,9.35K,0.01%
29-Jul-19,97.796,97.72,97.905,97.64,9.31K,0.05%
26-Jul-19,97.751,97.535,97.835,97.505,11.84K,0.20%
25-Jul-19,97.552,97.415,97.65,97.22,24.77K,0.10%
24-Jul-19,97.452,97.435,97.57,97.26,14.32K,0.03%
23-Jul-19,97.418,97.005,97.46,96.985,22.83K,0.49%
22-Jul-19,96.94,96.785,96.985,96.785,6.90K,0.13%
19-Jul-19,96.817,96.465,96.975,96.415,21.82K,0.38%
18-Jul-19,96.449,96.855,96.93,96.32,22.35K,-0.42%
17-Jul-19,96.853,97.03,97.1,96.8,13.96K,-0.19%
16-Jul-19,97.041,96.57,97.08,96.54,21.86K,0.51%
15-Jul-19,96.545,96.45,96.595,96.375,8.59K,0.13%
12-Jul-19,96.424,96.735,96.735,96.405,10.29K,-0.25%
11-Jul-19,96.666,96.675,96.775,96.415,15.62K,-0.04%
10-Jul-19,96.703,97.155,97.165,96.64,17.93K,-0.40%
9-Jul-19,97.095,96.98,97.195,96.97,9.71K,0.11%
8-Jul-19,96.984,96.84,97.02,96.765,10.67K,0.10%
5-Jul-19,96.89,96.315,97.04,96.315,24.52K,0.58%
4-Jul-19,96.331,96.29,96.39,96.235,3.03K,0.00%
3-Jul-19,96.331,96.27,96.435,96.12,9.44K,0.06%
2-Jul-19,96.274,96.37,96.455,96.15,12.48K,-0.14%
1-Jul-19,96.409,95.775,96.425,95.775,21.29K,0.78%
28-Jun-19,95.666,95.74,95.845,95.56,14.56K,-0.08%
27-Jun-19,95.742,95.705,95.92,95.67,10.59K,0.01%
26-Jun-19,95.728,95.68,95.85,95.565,13.27K,0.08%
25-Jun-19,95.648,95.5,95.875,95.365,24.24K,0.17%
24-Jun-19,95.487,95.67,95.715,95.465,22.61K,-0.24%
21-Jun-19,95.718,96.14,96.235,95.645,30.65K,-0.44%
20-Jun-19,96.138,96.695,96.705,96.045,25.96K,-0.46%
19-Jun-19,96.582,97.165,97.205,96.515,29.41K,-0.59%
18-Jun-19,97.153,97.02,97.265,96.885,23.57K,-0.25%
17-Jun-19,97.396,97.515,97.6,97.335,2.27K,-0.18%
14-Jun-19,97.57,97.015,97.58,96.94,20.79K,0.59%
13-Jun-19,96.999,96.94,97.075,96.86,23.62K,0.03%
12-Jun-19,96.97,96.67,96.99,96.545,24.48K,0.34%
11-Jun-19,96.645,96.7,96.86,96.605,19.95K,-0.07%
10-Jun-19,96.711,96.58,96.895,96.575,24.30K,0.23%
7-Jun-19,96.49,96.965,97.13,96.405,29.82K,-0.52%
6-Jun-19,96.997,97.265,97.39,96.72,27.67K,-0.26%
5-Jun-19,97.251,97.055,97.305,96.655,25.32K,0.26%
4-Jun-19,96.999,97.135,97.275,96.9,25.60K,-0.06%
3-Jun-19,97.06,97.7,97.72,97.015,29.61K,-0.62%
31-May-19,97.666,98.085,98.085,97.63,19.07K,-0.39%
30-May-19,98.053,98.04,98.195,98,7.34K,0.02%
29-May-19,98.035,97.795,98.1,97.75,12.41K,0.20%
28-May-19,97.842,97.605,97.865,97.57,13.14K,0.37%
27-May-19,97.477,97.43,97.665,97.42,2.94K,0.00%
24-May-19,97.477,97.72,97.775,97.41,9.77K,-0.25%
23-May-19,97.723,97.95,98.26,97.665,19.35K,-0.16%
22-May-19,97.881,97.87,97.97,97.73,7.57K,-0.02%
21-May-19,97.896,97.79,97.975,97.635,14.85K,0.14%
20-May-19,97.764,97.845,97.875,97.72,7.31K,-0.06%
17-May-19,97.824,97.665,97.86,97.59,8.63K,0.15%
16-May-19,97.678,97.355,97.715,97.265,12.12K,0.31%
15-May-19,97.376,97.345,97.515,97.24,13.64K,0.06%
14-May-19,97.322,97.115,97.36,97.075,9.00K,0.21%
13-May-19,97.12,97.11,97.195,96.81,17.10K,-0.01%
10-May-19,97.125,97.245,97.245,96.905,14.29K,-0.04%
9-May-19,97.164,97.37,97.49,97.01,17.59K,-0.23%
8-May-19,97.388,97.345,97.44,97.18,13.54K,-0.01%
7-May-19,97.399,97.285,97.51,97.135,17.16K,0.13%
6-May-19,97.268,97.335,97.465,97.225,9.24K,0.01%
3-May-19,97.26,97.575,97.865,97.185,12.96K,-0.33%
2-May-19,97.586,97.355,97.595,97.255,14.40K,0.18%
1-May-19,97.41,97.23,97.46,96.87,18.04K,0.22%
30-Apr-19,97.201,97.575,97.625,97.17,16.35K,-0.39%
29-Apr-19,97.581,97.75,97.84,97.545,8.42K,-0.15%
26-Apr-19,97.726,97.88,98.085,97.56,14.69K,-0.20%
25-Apr-19,97.919,97.8,98.055,97.715,16.65K,0.07%
24-Apr-19,97.855,97.265,97.88,97.265,20.00K,0.55%
23-Apr-19,97.32,96.97,97.46,96.955,12.19K,0.38%
22-Apr-19,96.955,97.085,97.1,96.92,6.23K,-0.20%
18-Apr-19,97.151,96.695,97.29,96.62,16.76K,0.51%
17-Apr-19,96.658,96.73,96.785,96.46,10.50K,0.01%
16-Apr-19,96.652,96.545,96.73,96.5,14.63K,0.10%
15-Apr-19,96.556,96.58,96.58,96.405,9.89K,-0.04%
12-Apr-19,96.598,96.8,96.815,96.365,16.01K,-0.22%
11-Apr-19,96.809,96.525,96.86,96.5,10.06K,0.26%
10-Apr-19,96.558,96.6,96.84,96.405,13.60K,-0.05%
9-Apr-19,96.611,96.675,96.7,96.46,9.46K,-0.04%
8-Apr-19,96.65,97,97.02,96.575,12.36K,-0.36%
5-Apr-19,97.002,96.92,97.075,96.7,10.23K,0.08%
4-Apr-19,96.925,96.62,96.945,96.605,16.28K,0.27%
3-Apr-19,96.662,96.885,96.89,96.525,12.58K,-0.27%
2-Apr-19,96.923,96.895,97.095,96.825,14.00K,0.13%
1-Apr-19,96.799,96.795,96.87,96.58,14.05K,-0.05%
29-Mar-19,96.845,96.765,96.91,96.565,15.90K,0.08%
28-Mar-19,96.764,96.485,96.855,96.36,20.79K,0.50%
27-Mar-19,96.283,96.25,96.49,96.19,11.34K,0.06%
26-Mar-19,96.225,95.99,96.335,95.94,10.86K,0.16%
25-Mar-19,96.068,96.145,96.19,95.895,11.69K,-0.09%
22-Mar-19,96.151,95.84,96.29,95.695,20.72K,0.17%
21-Mar-19,95.987,95.38,96.125,95.295,28.79K,0.83%
20-Mar-19,95.201,95.84,96.03,95.17,25.78K,-0.66%
19-Mar-19,95.831,95.97,95.975,95.73,9.63K,-0.71%
18-Mar-19,96.516,96.54,96.54,96.39,0.03K,-0.08%
15-Mar-19,96.59,96.72,96.775,96.475,6.94K,-0.18%
14-Mar-19,96.769,96.48,96.805,96.475,17.75K,0.27%
13-Mar-19,96.512,96.975,96.985,96.345,31.34K,-0.40%
12-Mar-19,96.899,97,97.245,96.8,26.30K,-0.28%
11-Mar-19,97.174,97.35,97.41,97.115,17.09K,-0.10%
8-Mar-19,97.269,97.55,97.595,97.18,25.41K,-0.37%
7-Mar-19,97.628,96.785,97.665,96.765,27.95K,0.86%
6-Mar-19,96.799,96.83,96.94,96.705,14.73K,0.00%
5-Mar-19,96.795,96.615,96.95,96.585,14.58K,0.19%
4-Mar-19,96.61,96.295,96.745,96.255,16.21K,0.17%
1-Mar-19,96.45,96.165,96.475,95.96,30.25K,0.42%
28-Feb-19,96.043,96.005,96.195,95.715,22.31K,0.01%
27-Feb-19,96.038,95.915,96.07,95.755,14.21K,0.18%
26-Feb-19,95.865,96.255,96.345,95.81,19.18K,-0.42%
25-Feb-19,96.271,96.38,96.47,96.18,13.01K,-0.10%
22-Feb-19,96.367,96.465,96.65,96.28,13.03K,-0.10%
21-Feb-19,96.463,96.355,96.54,96.21,18.04K,0.18%
20-Feb-19,96.294,96.335,96.495,96.12,19.01K,-0.06%
19-Feb-19,96.349,96.665,96.93,96.25,21.43K,-0.40%
18-Feb-19,96.74,96.77,96.77,96.485,6.77K,0.00%
15-Feb-19,96.74,96.87,97.23,96.66,18.43K,-0.07%
14-Feb-19,96.805,97,97.12,96.77,24.00K,-0.14%
13-Feb-19,96.938,96.53,96.995,96.44,18.22K,0.45%
12-Feb-19,96.503,96.87,97,96.445,18.52K,-0.37%
11-Feb-19,96.857,96.43,96.915,96.41,17.68K,0.46%
8-Feb-19,96.416,96.335,96.49,96.235,12.45K,0.13%
7-Feb-19,96.289,96.155,96.455,96.155,15.63K,0.14%
6-Feb-19,96.152,95.82,96.185,95.785,13.76K,0.35%
5-Feb-19,95.817,95.585,95.865,95.54,18.45K,0.26%
4-Feb-19,95.57,95.31,95.655,95.305,11.86K,0.28%
1-Feb-19,95.3,95.29,95.4,95.11,15.82K,0.00%
31-Jan-19,95.304,95.075,95.345,94.875,23.62K,0.29%
30-Jan-19,95.031,95.485,95.69,94.945,22.68K,-0.51%
29-Jan-19,95.516,95.435,95.56,95.305,14.84K,0.10%
28-Jan-19,95.424,95.45,95.595,95.315,11.82K,-0.04%
25-Jan-19,95.465,96.2,96.235,95.4,30.60K,-0.86%
24-Jan-19,96.297,95.74,96.375,95.715,33.92K,0.55%
23-Jan-19,95.772,95.96,96.045,95.705,15.63K,-0.19%
22-Jan-19,95.959,96.005,96.15,95.87,10.68K,-0.04%
21-Jan-19,95.993,96,96.1,95.86,4.88K,0.00%
18-Jan-19,95.993,95.72,96.05,95.665,15.84K,0.29%
17-Jan-19,95.713,95.71,95.925,95.625,17.60K,0.04%
16-Jan-19,95.677,95.55,95.795,95.48,14.45K,0.00%
15-Jan-19,95.675,95.155,95.895,95.07,28.67K,0.49%
14-Jan-19,95.207,95.225,95.325,95.08,16.31K,-0.06%
11-Jan-19,95.266,95.07,95.365,94.78,21.03K,0.15%
10-Jan-19,95.12,94.73,95.215,94.635,22.32K,0.35%
9-Jan-19,94.79,95.395,95.515,94.635,29.00K,-0.72%
8-Jan-19,95.479,95.285,95.615,95.28,17.14K,0.26%
7-Jan-19,95.228,95.705,95.73,95.195,23.36K,-0.55%
4-Jan-19,95.75,95.795,96.2,95.615,29.01K,-0.13%
3-Jan-19,95.878,96.35,96.37,95.775,31.52K,-0.57%
2-Jan-19,96.423,95.69,96.56,95.375,32.14K,0.72%
31-Dec-18,95.735,95.965,96.07,95.585,16.65K,-0.24%
28-Dec-18,95.965,96.02,96.05,95.74,14.17K,-0.04%
27-Dec-18,96.001,96.46,96.495,95.935,20.52K,-0.59%
26-Dec-18,96.568,96.1,96.65,96.02,15.66K,0.58%
24-Dec-18,96.007,96.44,96.44,95.87,13.93K,-0.46%
21-Dec-18,96.455,95.875,96.56,95.73,20.13K,0.76%
20-Dec-18,95.728,96.455,96.515,95.63,31.35K,-0.78%
19-Dec-18,96.484,96.39,96.565,95.995,20.14K,-0.09%
18-Dec-18,96.57,96.605,96.645,96.155,13.57K,-0.62%
17-Dec-18,97.175,97.425,97.47,97.13,0.36K,-0.26%
14-Dec-18,97.43,97.09,97.705,97.09,11.26K,0.39%
13-Dec-18,97.056,97.075,97.29,96.86,23.06K,0.04%
12-Dec-18,97.018,97.36,97.47,96.855,36.09K,-0.35%
11-Dec-18,97.358,97.14,97.52,96.83,29.72K,0.18%
10-Dec-18,97.183,96.7,97.21,96.325,37.93K,0.73%
7-Dec-18,96.476,96.755,96.89,96.465,20.04K,-0.30%
6-Dec-18,96.764,96.94,97.175,96.495,23.22K,-0.25%
5-Dec-18,97.01,96.94,97.155,96.755,12.13K,0.11%
4-Dec-18,96.902,96.89,97.07,96.3,25.71K,-0.07%
3-Dec-18,96.969,97.055,97.085,96.64,15.84K,-0.23%
30-Nov-18,97.196,96.705,97.24,96.635,17.87K,0.51%
29-Nov-18,96.699,96.78,96.93,96.545,19.21K,0.02%
28-Nov-18,96.681,97.31,97.455,96.58,29.53K,-0.62%
27-Nov-18,97.28,96.93,97.41,96.88,19.33K,0.31%
26-Nov-18,96.979,96.805,97.005,96.56,11.23K,0.16%
23-Nov-18,96.825,96.4,96.865,96.295,13.66K,0.25%
22-Nov-18,96.585,96.595,96.615,96.205,10.40K,0.00%
21-Nov-18,96.585,96.725,96.755,96.36,23.45K,-0.14%
20-Nov-18,96.716,96.095,96.77,95.93,19.07K,0.68%
19-Nov-18,96.066,96.275,96.435,95.985,15.66K,-0.28%
16-Nov-18,96.333,96.89,96.92,96.26,23.83K,-0.47%
15-Nov-18,96.791,96.83,97.245,96.625,36.08K,0.14%
14-Nov-18,96.659,96.91,97.26,96.585,37.71K,-0.50%
13-Nov-18,97.144,97.43,97.505,96.91,24.03K,-0.24%
12-Nov-18,97.382,96.875,97.53,96.8,21.08K,0.67%
9-Nov-18,96.734,96.475,96.85,96.455,16.03K,0.19%
8-Nov-18,96.55,95.995,96.58,95.895,17.93K,0.78%
7-Nov-18,95.807,95.765,96.285,95.485,34.01K,-0.32%
6-Nov-18,96.117,96.115,96.255,95.95,14.08K,0.04%
5-Nov-18,96.083,96.275,96.51,96.045,16.87K,-0.27%
2-Nov-18,96.343,96.13,96.405,95.795,31.27K,0.27%
1-Nov-18,96.081,96.885,96.91,96,29.79K,-0.85%
31-Oct-18,96.901,96.78,96.98,96.655,22.88K,0.11%
30-Oct-18,96.791,96.44,96.805,96.395,16.49K,0.46%
29-Oct-18,96.35,96.225,96.475,96.115,24.38K,0.23%
26-Oct-18,96.128,96.35,96.62,96.05,28.67K,-0.34%
25-Oct-18,96.455,96.12,96.5,95.975,28.29K,0.28%
24-Oct-18,96.182,95.71,96.305,95.665,28.40K,0.49%
23-Oct-18,95.713,95.775,95.92,95.545,22.79K,-0.04%
22-Oct-18,95.749,95.385,95.84,95.205,16.46K,0.32%
19-Oct-18,95.443,95.695,95.83,95.275,26.37K,-0.20%
18-Oct-18,95.638,95.365,95.735,95.21,23.26K,0.36%
17-Oct-18,95.297,94.795,95.375,94.77,24.83K,0.58%
16-Oct-18,94.748,94.765,94.9,94.47,15.73K,-0.01%
15-Oct-18,94.754,95.005,95.06,94.635,13.75K,-0.17%
12-Oct-18,94.911,94.715,95.055,94.64,16.37K,0.22%
11-Oct-18,94.706,95.12,95.125,94.665,29.20K,-0.49%
10-Oct-18,95.177,95.305,95.47,95.05,20.04K,-0.18%
9-Oct-18,95.346,95.425,95.84,95.31,21.73K,-0.09%
8-Oct-18,95.436,95.3,95.705,95.26,12.18K,0.14%
5-Oct-18,95.305,95.41,95.625,95.175,23.06K,-0.11%
4-Oct-18,95.412,95.715,95.78,95.19,25.23K,0.01%
3-Oct-18,95.406,95.115,95.745,94.885,21.51K,0.28%
2-Oct-18,95.14,94.92,95.39,94.895,26.49K,0.22%
1-Oct-18,94.929,94.71,95,94.605,14.86K,0.20%
28-Sep-18,94.737,94.63,94.985,94.55,23.14K,0.23%
27-Sep-18,94.524,93.89,94.62,93.81,27.05K,0.80%
26-Sep-18,93.773,93.76,94,93.52,21.09K,0.07%
25-Sep-18,93.711,93.82,93.96,93.59,14.78K,-0.07%
24-Sep-18,93.775,93.795,93.95,93.415,16.81K,-0.02%
21-Sep-18,93.798,93.49,93.93,93.395,23.21K,0.33%
20-Sep-18,93.491,94.165,94.165,93.405,28.35K,-0.67%
19-Sep-18,94.119,94.15,94.325,93.91,15.32K,-0.11%
18-Sep-18,94.227,94.18,94.32,93.88,19.09K,-0.27%
17-Sep-18,94.486,94.925,94.925,94.49,0.06K,-0.46%
14-Sep-18,94.925,94.56,94.99,94.355,10.47K,0.43%
13-Sep-18,94.517,94.85,94.955,94.41,27.96K,-0.26%
12-Sep-18,94.768,95.11,95.27,94.705,34.87K,-0.48%
11-Sep-18,95.225,95.13,95.33,94.845,29.32K,0.12%
10-Sep-18,95.11,95.385,95.54,94.985,23.11K,-0.23%
7-Sep-18,95.329,95,95.42,94.83,26.24K,0.36%
6-Sep-18,94.988,95.04,95.175,94.88,17.39K,-0.14%
5-Sep-18,95.124,95.35,95.62,94.995,24.33K,-0.27%
4-Sep-18,95.38,95.105,95.68,95.085,22.20K,0.31%
3-Sep-18,95.083,95.115,95.175,94.945,6.60K,0.00%
31-Aug-18,95.083,94.655,95.17,94.485,21.92K,0.43%
30-Aug-18,94.679,94.455,94.85,94.395,21.37K,0.17%
29-Aug-18,94.522,94.63,94.86,94.44,18.77K,-0.12%
28-Aug-18,94.635,94.66,94.825,94.34,18.56K,-0.05%
27-Aug-18,94.684,95.08,95.23,94.595,18.84K,-0.40%
24-Aug-18,95.063,95.57,95.61,94.935,23.38K,-0.54%
23-Aug-18,95.583,95.08,95.625,95.08,18.33K,0.56%
22-Aug-18,95.051,95.095,95.28,94.83,17.93K,-0.10%
21-Aug-18,95.15,95.625,95.66,94.96,24.69K,-0.67%
20-Aug-18,95.789,96.05,96.3,95.655,17.94K,-0.20%
17-Aug-18,95.981,96.5,96.56,95.97,17.17K,-0.57%
16-Aug-18,96.536,96.615,96.665,96.205,19.62K,-0.04%
15-Aug-18,96.577,96.55,96.865,96.53,19.02K,-0.03%
14-Aug-18,96.605,96.21,96.67,96.02,20.76K,0.37%
13-Aug-18,96.251,96.25,96.39,96.02,20.27K,0.03%
10-Aug-18,96.218,95.48,96.31,95.385,43.15K,0.91%
9-Aug-18,95.355,94.955,95.485,94.87,19.15K,0.49%
8-Aug-18,94.89,94.99,95.25,94.82,16.85K,-0.16%
7-Aug-18,95.046,95.17,95.225,94.81,15.10K,-0.15%
6-Aug-18,95.187,95.045,95.35,95.03,15.08K,0.24%
3-Aug-18,94.961,95.01,95.195,94.795,22.57K,-0.03%
2-Aug-18,94.987,94.45,95.02,94.42,20.49K,0.59%
1-Aug-18,94.428,94.355,94.515,94.29,10.72K,0.16%
31-Jul-18,94.275,94.12,94.365,93.94,15.48K,0.17%
30-Jul-18,94.111,94.485,94.555,94.04,12.40K,-0.37%
27-Jul-18,94.46,94.545,94.7,94.42,15.97K,-0.09%
26-Jul-18,94.544,93.94,94.58,93.87,22.63K,0.44%
25-Jul-18,94.129,94.375,94.45,93.905,19.41K,-0.27%
24-Jul-18,94.388,94.425,94.635,94.165,13.35K,-0.06%
23-Jul-18,94.44,94.195,94.49,93.97,15.26K,0.23%
20-Jul-18,94.226,94.905,95.095,94.125,34.63K,-0.75%
19-Jul-18,94.942,94.82,95.44,94.665,40.05K,0.14%
18-Jul-18,94.811,94.8,95.18,94.72,27.55K,0.11%
17-Jul-18,94.704,94.29,94.855,94.04,18.66K,0.46%
16-Jul-18,94.272,94.455,94.52,94.15,12.03K,-0.24%
13-Jul-18,94.5,94.64,95,94.43,17.52K,-0.07%
12-Jul-18,94.564,94.485,94.715,94.4,14.68K,0.08%
11-Jul-18,94.486,93.955,94.535,93.82,25.19K,0.64%
10-Jul-18,93.889,93.805,94.225,93.75,14.45K,0.09%
9-Jul-18,93.807,93.73,93.94,93.44,17.46K,0.04%
6-Jul-18,93.769,94.125,94.235,93.575,19.78K,-0.48%
5-Jul-18,94.223,94.27,94.345,93.915,13.95K,-0.20%
4-Jul-18,94.412,94.32,94.455,94.135,10.80K,0.00%
3-Jul-18,94.412,94.59,94.73,94.28,15.03K,-0.39%
2-Jul-18,94.779,94.3,94.885,94.26,16.22K,0.46%
29-Jun-18,94.349,95.025,95.055,94.195,28.02K,-0.79%
28-Jun-18,95.096,94.97,95.255,94.79,19.79K,0.13%
27-Jun-18,94.969,94.375,95.11,94.2,20.16K,0.66%
26-Jun-18,94.346,93.95,94.455,93.83,15.30K,0.43%
25-Jun-18,93.939,94.15,94.365,93.865,16.30K,-0.26%
22-Jun-18,94.18,94.55,94.55,94.095,18.27K,-0.24%
21-Jun-18,94.404,94.79,95.22,94.34,28.34K,-0.33%
20-Jun-18,94.716,94.645,94.985,94.585,16.23K,-0.01%
19-Jun-18,94.729,94.345,94.945,94.175,26.77K,-0.14%
18-Jun-18,94.858,94.875,95,94.75,0.18K,0.08%
15-Jun-18,94.782,94.955,95.13,94.665,10.09K,0.01%
14-Jun-18,94.776,93.49,94.945,93.18,31.06K,1.15%
13-Jun-18,93.699,93.815,94.04,93.52,42.47K,-0.11%
12-Jun-18,93.801,93.68,93.915,93.455,24.79K,0.26%
11-Jun-18,93.56,93.51,93.67,93.355,19.87K,0.02%
8-Jun-18,93.537,93.47,93.825,93.38,18.65K,0.17%
7-Jun-18,93.376,93.585,93.585,93.19,18.38K,-0.28%
6-Jun-18,93.634,93.805,93.865,93.385,25.22K,-0.25%
5-Jun-18,93.871,93.985,94.295,93.755,20.63K,-0.12%
4-Jun-18,93.986,94.165,94.165,93.63,16.76K,-0.19%
1-Jun-18,94.169,93.96,94.435,93.855,28.83K,0.22%
31-May-18,93.959,94.05,94.215,93.69,32.32K,-0.17%
30-May-18,94.115,94.8,94.925,93.985,37.62K,-0.71%
29-May-18,94.789,94.345,94.975,94.235,35.74K,0.70%
28-May-18,94.13,94.06,94.435,93.805,15.15K,0.00%
25-May-18,94.13,93.735,94.24,93.69,23.15K,0.46%
24-May-18,93.701,93.85,93.91,93.545,22.33K,-0.23%
23-May-18,93.918,93.45,94.115,93.425,28.84K,0.42%
22-May-18,93.526,93.46,93.65,93.2,20.94K,-0.06%
21-May-18,93.581,93.585,93.965,93.42,22.28K,0.04%
18-May-18,93.544,93.44,93.74,93.24,19.44K,0.18%
17-May-18,93.375,93.195,93.48,93.005,21.66K,0.10%
16-May-18,93.281,93.22,93.515,93.015,28.24K,0.20%
15-May-18,93.093,92.53,93.345,92.48,29.91K,0.68%
14-May-18,92.462,92.425,92.55,92.115,17.87K,0.06%
11-May-18,92.411,92.605,92.71,92.235,20.26K,-0.11%
10-May-18,92.516,93.005,93.03,92.39,34.75K,-0.40%
9-May-18,92.884,92.905,93.26,92.695,26.45K,-0.08%
8-May-18,92.958,92.555,93.135,92.505,29.98K,0.40%
7-May-18,92.592,92.415,92.825,92.29,19.36K,0.20%
4-May-18,92.408,92.27,92.755,92.19,25.44K,0.17%
3-May-18,92.251,92.59,92.6,92.185,23.02K,-0.10%
2-May-18,92.339,92.295,92.665,92.04,38.90K,0.09%
1-May-18,92.255,91.62,92.37,91.595,27.41K,0.68%
30-Apr-18,91.63,91.345,91.71,91.28,23.56K,0.31%
27-Apr-18,91.343,91.385,91.79,91.29,30.52K,-0.02%
26-Apr-18,91.365,91.005,91.44,90.745,38.97K,0.45%
25-Apr-18,90.953,90.54,91.035,90.515,26.43K,0.46%
24-Apr-18,90.537,90.695,90.85,90.475,24.27K,-0.19%
23-Apr-18,90.705,90.14,90.75,90.08,31.08K,0.70%
20-Apr-18,90.075,89.655,90.245,89.64,31.76K,0.42%
19-Apr-18,89.695,89.355,89.71,89.235,24.76K,0.39%
18-Apr-18,89.347,89.225,89.5,89.165,19.77K,0.13%
17-Apr-18,89.228,89.115,89.385,88.945,14.99K,0.10%
16-Apr-18,89.135,89.5,89.555,89.085,17.09K,-0.41%
13-Apr-18,89.503,89.46,89.59,89.37,12.80K,0.05%
12-Apr-18,89.456,89.21,89.675,89.16,23.61K,0.23%
11-Apr-18,89.253,89.28,89.365,89.02,18.44K,-0.03%
10-Apr-18,89.28,89.545,89.665,89.23,21.99K,-0.28%
9-Apr-18,89.534,89.85,89.98,89.51,22.27K,-0.28%
6-Apr-18,89.782,90.07,90.295,89.745,22.63K,-0.41%
5-Apr-18,90.154,89.745,90.27,89.74,25.72K,0.41%
4-Apr-18,89.783,89.8,89.895,89.57,15.11K,-0.08%
3-Apr-18,89.859,89.73,89.945,89.515,19.80K,0.17%
2-Apr-18,89.706,89.68,89.81,89.41,13.28K,-0.12%
29-Mar-18,89.812,89.725,89.84,89.575,17.76K,0.10%
28-Mar-18,89.719,88.97,89.82,88.895,32.56K,0.83%
27-Mar-18,88.983,88.625,89.25,88.53,24.99K,0.43%
26-Mar-18,88.604,89.04,89.105,88.56,25.80K,-0.48%
23-Mar-18,89.033,89.325,89.345,88.975,22.74K,-0.49%
22-Mar-18,89.473,89.265,89.575,88.99,26.35K,0.12%
21-Mar-18,89.369,89.98,89.985,89.215,32.86K,-0.65%
20-Mar-18,89.954,89.47,90.025,89.41,18.11K,-0.03%
19-Mar-18,89.983,90.18,90.35,89.97,1.71K,-0.25%
16-Mar-18,90.212,90.12,90.375,89.875,9.39K,0.10%
15-Mar-18,90.126,89.695,90.165,89.62,21.07K,0.49%
14-Mar-18,89.687,89.685,89.875,89.54,24.99K,0.05%
13-Mar-18,89.643,89.87,90.09,89.565,27.20K,-0.25%
12-Mar-18,89.867,90.065,90.165,89.815,23.38K,-0.22%
9-Mar-18,90.065,90.175,90.365,89.965,25.55K,-0.10%
8-Mar-18,90.156,89.585,90.215,89.42,31.83K,0.61%
7-Mar-18,89.607,89.49,89.745,89.33,23.59K,0.02%
6-Mar-18,89.59,89.92,90.035,89.47,32.81K,-0.50%
5-Mar-18,90.041,89.83,90.19,89.65,24.45K,0.15%
2-Mar-18,89.906,90.2,90.26,89.835,25.82K,-0.42%
1-Mar-18,90.281,90.655,90.885,90.16,39.78K,-0.30%
28-Feb-18,90.551,90.305,90.65,90.245,24.71K,0.30%
27-Feb-18,90.28,89.675,90.435,89.62,29.72K,0.55%
26-Feb-18,89.79,89.88,90,89.425,20.83K,-0.02%
23-Feb-18,89.808,89.705,89.99,89.69,16.56K,0.17%
22-Feb-18,89.656,90.055,90.17,89.56,24.08K,-0.29%
21-Feb-18,89.913,89.675,90.06,89.49,23.07K,0.31%
20-Feb-18,89.636,89.165,89.72,89.155,17.88K,0.70%
19-Feb-18,89.013,89.005,89.355,88.865,11.42K,0.00%
16-Feb-18,89.013,88.5,89.15,88.15,26.17K,0.57%
15-Feb-18,88.505,88.89,88.89,88.445,27.69K,-0.56%
14-Feb-18,89.005,89.595,90.02,88.835,39.24K,-0.66%
13-Feb-18,89.592,90.06,90.07,89.49,20.99K,-0.56%
12-Feb-18,90.096,90.25,90.31,89.955,19.21K,-0.26%
9-Feb-18,90.334,90.16,90.45,90.005,34.96K,0.24%
8-Feb-18,90.116,90.155,90.455,89.895,35.27K,0.00%
7-Feb-18,90.118,89.49,90.275,89.325,33.06K,0.75%
6-Feb-18,89.451,89.465,89.92,89.235,40.15K,0.05%
5-Feb-18,89.405,89.185,89.58,88.875,37.14K,0.41%
2-Feb-18,89.036,88.49,89.275,88.44,32.68K,0.60%
1-Feb-18,88.505,88.935,89.17,88.385,23.88K,-0.50%
31-Jan-18,88.954,88.95,89.135,88.615,29.18K,-0.05%
30-Jan-18,88.999,89.215,89.48,88.74,26.24K,-0.15%
29-Jan-18,89.131,88.95,89.44,88.835,25.77K,0.27%
26-Jan-18,88.891,89.17,89.18,88.565,33.16K,-0.38%
25-Jan-18,89.227,89.095,89.415,88.255,77.36K,0.24%
24-Jan-18,89.011,89.875,89.905,88.955,32.30K,-1.01%
23-Jan-18,89.915,90.155,90.395,89.845,20.36K,-0.31%
22-Jan-18,90.191,90.27,90.5,90.14,16.70K,-0.20%
19-Jan-18,90.37,90.32,90.51,89.96,24.17K,0.08%
18-Jan-18,90.297,90.65,90.765,90.205,28.15K,-0.02%
17-Jan-18,90.313,89.99,90.695,89.96,33.60K,0.19%
16-Jan-18,90.146,90.255,90.58,90.105,27.97K,-0.65%
15-Jan-18,90.735,90.595,90.705,90.045,24.81K,0.00%
12-Jan-18,90.735,91.51,91.63,90.53,40.56K,-0.95%
11-Jan-18,91.608,92.07,92.305,91.535,22.70K,-0.50%
10-Jan-18,92.07,92.225,92.285,91.65,24.56K,-0.21%
9-Jan-18,92.26,92.07,92.36,91.96,21.58K,0.17%
8-Jan-18,92.1,91.765,92.135,91.61,15.96K,0.47%
5-Jan-18,91.673,91.55,91.83,91.51,13.75K,0.10%
4-Jan-18,91.581,91.965,92,91.52,15.73K,-0.34%
3-Jan-18,91.896,91.56,91.99,91.535,17.21K,0.35%
2-Jan-18,91.573,91.895,91.93,91.47,19.62K,-0.28%
29-Dec-17,91.826,92.355,92.375,91.805,21.61K,-0.51%
28-Dec-17,92.3,92.69,92.69,92.275,15.44K,-0.34%
27-Dec-17,92.612,92.825,92.865,92.525,16.22K,-0.20%
26-Dec-17,92.801,92.885,92.96,92.755,6.31K,-0.13%
22-Dec-17,92.924,93,93.075,92.87,9.38K,0.07%
21-Dec-17,92.862,92.925,93.095,92.815,12.90K,-0.03%
20-Dec-17,92.891,93.035,93.12,92.75,20.13K,-0.15%
19-Dec-17,93.027,93.255,93.31,93.015,14.68K,-0.53%
18-Dec-17,93.52,94,94.02,93.575,0.54K,-0.44%
15-Dec-17,93.929,93.57,93.995,93.405,8.97K,0.48%
14-Dec-17,93.479,93.38,93.77,93.275,29.83K,0.06%
13-Dec-17,93.419,94.015,94.095,93.34,30.86K,-0.70%
12-Dec-17,94.08,93.895,94.21,93.745,18.70K,0.25%
11-Dec-17,93.843,93.86,93.955,93.65,26.43K,-0.03%
8-Dec-17,93.874,93.8,94.075,93.785,19.75K,0.11%
7-Dec-17,93.769,93.565,93.78,93.495,14.81K,0.20%
6-Dec-17,93.582,93.31,93.62,93.135,21.66K,0.27%
5-Dec-17,93.334,93.02,93.445,93,18.29K,0.20%
4-Dec-17,93.144,93.04,93.345,93.005,30.07K,0.33%
1-Dec-17,92.841,92.905,93.21,92.55,31.15K,-0.17%
30-Nov-17,93.002,93.2,93.465,92.68,27.69K,-0.11%
29-Nov-17,93.107,93.175,93.375,92.925,17.79K,-0.11%
28-Nov-17,93.213,92.795,93.27,92.76,21.74K,0.42%
27-Nov-17,92.825,92.665,92.865,92.43,22.70K,0.13%
24-Nov-17,92.707,93.11,93.175,92.61,17.46K,-0.46%
23-Nov-17,93.135,93.195,93.21,93,9.96K,0.00%
22-Nov-17,93.135,93.855,93.88,93.12,24.89K,-0.79%
21-Nov-17,93.877,93.945,94.085,93.795,11.70K,-0.13%
20-Nov-17,93.997,93.73,94.02,93.485,19.68K,0.45%
17-Nov-17,93.575,93.715,93.845,93.42,16.91K,-0.30%
16-Nov-17,93.854,93.785,93.915,93.69,12.19K,0.14%
15-Nov-17,93.726,93.77,93.8,93.305,25.25K,0.00%
14-Nov-17,93.723,94.405,94.44,93.64,27.44K,-0.70%
13-Nov-17,94.388,94.355,94.545,94.31,10.71K,0.12%
10-Nov-17,94.278,94.365,94.555,94.155,14.65K,-0.08%
9-Nov-17,94.352,94.85,94.865,94.305,22.01K,-0.44%
8-Nov-17,94.768,94.765,94.865,94.68,11.41K,-0.03%
7-Nov-17,94.8,94.63,95.07,94.6,23.73K,0.15%
6-Nov-17,94.657,94.825,95,94.605,17.71K,-0.21%
3-Nov-17,94.858,94.61,94.92,94.115,24.48K,0.29%
2-Nov-17,94.588,94.665,94.695,94.305,17.09K,-0.13%
1-Nov-17,94.709,94.415,94.755,94.4,16.62K,0.30%
31-Oct-17,94.429,94.365,94.6,94.35,18.90K,-0.03%
30-Oct-17,94.454,94.77,94.835,94.325,22.35K,-0.39%
27-Oct-17,94.822,94.66,95.06,94.63,36.50K,0.33%
26-Oct-17,94.509,93.495,94.615,93.365,44.61K,1.00%
25-Oct-17,93.577,93.83,93.89,93.475,24.51K,-0.09%
24-Oct-17,93.661,93.695,93.87,93.555,18.54K,-0.16%
23-Oct-17,93.814,93.64,93.9,93.56,16.03K,0.25%
20-Oct-17,93.579,93.045,93.675,92.995,27.27K,0.49%
19-Oct-17,93.12,93.29,93.425,92.91,18.56K,-0.12%
18-Oct-17,93.228,93.34,93.655,93.215,15.59K,-0.13%
17-Oct-17,93.35,93.14,93.59,93.135,16.91K,0.20%
16-Oct-17,93.161,92.965,93.21,92.93,15.65K,0.24%
13-Oct-17,92.935,92.93,93.09,92.59,21.58K,0.04%
12-Oct-17,92.898,92.755,93.065,92.635,17.44K,0.08%
11-Oct-17,92.825,93.06,93.19,92.715,20.79K,-0.30%
10-Oct-17,93.101,93.565,93.57,92.95,26.87K,-0.43%
9-Oct-17,93.505,93.625,93.67,93.455,12.44K,-0.15%
6-Oct-17,93.641,93.75,94.1,93.6,27.38K,-0.17%
5-Oct-17,93.803,93.365,93.835,93.25,18.20K,0.56%
4-Oct-17,93.284,93.415,93.42,93.085,17.76K,-0.14%
3-Oct-17,93.414,93.49,93.775,93.275,17.65K,0.01%
2-Oct-17,93.405,92.965,93.675,92.94,22.43K,0.56%
29-Sep-17,92.883,93,93.115,92.805,21.91K,-0.05%
28-Sep-17,92.932,93.26,93.495,92.92,24.78K,-0.26%
27-Sep-17,93.171,92.89,93.415,92.81,32.50K,0.42%
26-Sep-17,92.781,92.42,93.11,92.345,32.79K,0.37%
25-Sep-17,92.441,92.12,92.525,92,26.58K,0.52%
22-Sep-17,91.967,91.945,92.005,91.575,24.07K,-0.09%
21-Sep-17,92.049,92.4,92.46,91.89,22.40K,-0.27%
20-Sep-17,92.296,91.62,92.495,91.215,37.39K,0.80%
19-Sep-17,91.561,91.765,91.845,91.515,24.29K,-0.32%
18-Sep-17,91.853,91.865,92.02,91.8,1.39K,-0.01%
15-Sep-17,91.863,92,92.155,91.585,10.88K,-0.27%
14-Sep-17,92.112,92.385,92.66,92.025,26.59K,-0.43%
13-Sep-17,92.508,91.875,92.515,91.69,50.27K,0.71%
12-Sep-17,91.856,91.885,92.06,91.755,31.52K,0.00%
11-Sep-17,91.853,91.39,91.965,91.39,36.43K,0.58%
8-Sep-17,91.326,91.44,91.49,90.99,36.10K,-0.34%
7-Sep-17,91.642,92.18,92.23,91.375,58.70K,-0.66%
6-Sep-17,92.252,92.2,92.335,91.945,28.04K,0.03%
5-Sep-17,92.226,92.61,92.695,92.145,27.65K,-0.59%
4-Sep-17,92.769,92.665,92.675,92.41,10.72K,0.00%
1-Sep-17,92.769,92.6,92.905,92.05,44.56K,0.15%
31-Aug-17,92.628,92.86,93.305,92.565,38.28K,-0.21%
30-Aug-17,92.823,92.295,92.885,92.19,29.84K,0.69%
29-Aug-17,92.184,92.185,92.41,91.55,51.87K,0.05%
28-Aug-17,92.14,92.35,92.48,92.115,19.55K,-0.58%
25-Aug-17,92.677,93.225,93.37,92.345,44.54K,-0.56%
24-Aug-17,93.202,93.09,93.305,93.075,10.74K,0.14%
23-Aug-17,93.07,93.44,93.555,93.04,18.70K,-0.42%
22-Aug-17,93.461,93.025,93.49,92.98,19.61K,0.48%
21-Aug-17,93.012,93.365,93.495,92.92,18.58K,-0.37%
18-Aug-17,93.359,93.65,93.685,93.245,23.75K,-0.19%
17-Aug-17,93.534,93.38,93.995,93.21,40.45K,0.10%
16-Aug-17,93.438,93.735,94.055,93.375,35.15K,-0.34%
15-Aug-17,93.756,93.395,94.04,93.34,23.01K,0.48%
14-Aug-17,93.305,92.98,93.39,92.945,13.44K,0.38%
11-Aug-17,92.956,93.295,93.415,92.83,28.53K,-0.37%
10-Aug-17,93.304,93.385,93.7,93.21,17.31K,-0.13%
9-Aug-17,93.43,93.47,93.785,93.365,20.18K,-0.09%
8-Aug-17,93.515,93.285,93.77,93.12,20.30K,0.22%
7-Aug-17,93.309,93.38,93.415,93.175,13.48K,-0.11%
4-Aug-17,93.416,92.61,93.64,92.58,31.04K,0.76%
3-Aug-17,92.707,92.775,92.905,92.555,21.58K,0.01%
2-Aug-17,92.699,92.905,93.03,92.39,20.52K,-0.22%
1-Aug-17,92.901,92.805,92.97,92.64,18.71K,0.20%
31-Jul-17,92.718,93.17,93.385,92.635,29.88K,-0.43%
28-Jul-17,93.114,93.675,93.795,93.1,24.44K,-0.64%
27-Jul-17,93.715,93.325,93.95,93,33.81K,0.22%
26-Jul-17,93.505,93.955,94.115,93.22,30.05K,-0.41%
25-Jul-17,93.888,93.85,93.96,93.46,23.12K,0.10%
24-Jul-17,93.798,93.785,93.945,93.65,13.39K,0.13%
21-Jul-17,93.679,94.115,94.17,93.67,15.57K,-0.47%
20-Jul-17,94.117,94.56,94.98,93.89,48.23K,-0.50%
19-Jul-17,94.588,94.475,94.69,94.445,11.88K,0.20%
18-Jul-17,94.402,94.95,94.97,94.275,33.62K,-0.53%
17-Jul-17,94.904,94.885,95.12,94.8,12.28K,-0.03%
14-Jul-17,94.93,95.55,95.615,94.87,23.34K,-0.61%
13-Jul-17,95.508,95.53,95.695,95.245,18.65K,0.00%
12-Jul-17,95.512,95.42,95.745,95.275,20.85K,0.09%
11-Jul-17,95.422,95.83,95.96,95.405,16.46K,-0.37%
10-Jul-17,95.777,95.795,95.945,95.69,20.01K,-0.02%
7-Jul-17,95.792,95.585,95.93,95.525,20.49K,0.23%
6-Jul-17,95.575,96.005,96.11,95.56,14.27K,-0.50%
5-Jul-17,96.059,95.905,96.255,95.825,19.13K,0.09%
4-Jul-17,95.969,95.89,96.085,95.805,7.55K,0.00%
3-Jul-17,95.969,95.405,95.995,95.385,19.92K,0.57%
30-Jun-17,95.421,95.31,95.565,95.225,20.29K,0.06%
29-Jun-17,95.366,95.77,95.78,95.27,22.61K,-0.39%
28-Jun-17,95.744,96.175,96.32,95.67,39.80K,-0.36%
27-Jun-17,96.093,97.12,97.155,96.045,33.76K,-1.05%
26-Jun-17,97.116,96.94,97.16,96.81,15.45K,0.18%
23-Jun-17,96.942,97.255,97.295,96.86,14.01K,-0.37%
22-Jun-17,97.303,97.225,97.35,97.115,27.55K,0.09%
21-Jun-17,97.216,97.385,97.465,97.18,14.39K,-0.20%
20-Jun-17,97.412,97.28,97.515,97.135,30.22K,0.09%
19-Jun-17,97.325,97.115,97.345,97.05,1.08K,0.18%
16-Jun-17,97.146,97.48,97.55,97.095,19.11K,-0.30%
15-Jun-17,97.437,96.91,97.555,96.84,21.80K,0.53%
14-Jun-17,96.921,97.005,97.11,96.305,57.20K,-0.02%
13-Jun-17,96.942,97.17,97.26,96.925,21.80K,-0.18%
12-Jun-17,97.121,97.235,97.3,97.02,24.18K,-0.12%
9-Jun-17,97.239,97.26,97.47,97.125,29.76K,0.35%
8-Jun-17,96.898,96.695,97.135,96.565,33.92K,0.20%
7-Jun-17,96.708,96.565,96.94,96.455,24.75K,0.12%
6-Jun-17,96.591,96.75,96.75,96.465,18.62K,-0.17%
5-Jun-17,96.754,96.67,96.93,96.64,14.97K,0.09%
2-Jun-17,96.67,97.165,97.26,96.58,29.20K,-0.48%
1-Jun-17,97.141,96.955,97.27,96.85,16.41K,0.30%
31-May-17,96.854,97.355,97.425,96.795,27.26K,-0.37%
30-May-17,97.212,97.615,97.7,97.145,27.99K,-0.16%
29-May-17,97.364,97.32,97.44,97.255,5.30K,0.00%
26-May-17,97.364,97.15,97.465,96.965,24.10K,0.19%
25-May-17,97.176,96.9,97.205,96.805,21.26K,0.03%
24-May-17,97.147,97.32,97.375,96.945,31.82K,-0.12%
23-May-17,97.264,96.83,97.32,96.705,34.01K,0.40%
22-May-17,96.881,97.03,97.335,96.7,24.31K,-0.15%
19-May-17,97.03,97.715,97.74,96.965,26.38K,-0.76%
18-May-17,97.772,97.41,97.97,97.275,46.22K,0.32%
17-May-17,97.462,97.99,98.01,97.33,29.34K,-0.55%
16-May-17,97.998,98.76,98.77,97.97,32.80K,-0.81%
15-May-17,98.801,99.06,99.14,98.67,18.48K,-0.33%
12-May-17,99.131,99.53,99.585,99.035,24.67K,-0.38%
11-May-17,99.505,99.565,99.765,99.375,18.32K,-0.05%
10-May-17,99.559,99.34,99.605,99.25,21.26K,0.02%
9-May-17,99.544,99.02,99.565,98.96,29.65K,0.61%
8-May-17,98.936,98.37,99.055,98.355,29.51K,0.41%
5-May-17,98.528,98.63,98.895,98.41,24.98K,-0.12%
4-May-17,98.647,99.23,99.34,98.56,31.36K,-0.44%
3-May-17,99.082,98.77,99.27,98.75,27.17K,0.26%
2-May-17,98.829,98.93,99.085,98.775,19.83K,-0.10%
1-May-17,98.93,98.93,99.07,98.735,17.67K,0.03%
28-Apr-17,98.898,99.07,99.125,98.58,26.32K,-0.06%
27-Apr-17,98.955,98.855,99.21,98.69,40.18K,0.04%
26-Apr-17,98.92,98.725,99.205,98.605,32.96K,0.28%
25-Apr-17,98.648,98.965,99.1,98.565,26.51K,-0.33%
24-Apr-17,98.973,99.18,99.24,98.7,30.22K,-0.91%
21-Apr-17,99.88,99.75,99.935,99.56,23.08K,0.20%
20-Apr-17,99.685,99.7,99.76,99.29,22.30K,0.05%
19-Apr-17,99.638,99.455,99.785,99.415,17.79K,0.24%
18-Apr-17,99.404,100.24,100.31,99.365,26.52K,-0.79%
17-Apr-17,100.194,100.405,100.465,99.91,14.99K,-0.27%
13-Apr-17,100.463,100.03,100.5,99.93,22.78K,-0.25%
12-Apr-17,100.711,100.595,100.76,100.01,22.39K,0.09%
11-Apr-17,100.622,100.9,101.005,100.51,24.42K,-0.33%
10-Apr-17,100.952,101.12,101.265,100.87,21.83K,-0.16%
7-Apr-17,101.117,100.645,101.185,100.4,37.15K,0.54%
6-Apr-17,100.57,100.37,100.67,100.285,18.13K,0.13%
5-Apr-17,100.441,100.415,100.99,100.305,26.55K,0.01%
4-Apr-17,100.426,100.34,100.605,100.3,15.96K,0.01%
3-Apr-17,100.412,100.405,100.56,100.235,19.24K,0.19%
31-Mar-17,100.218,100.34,100.505,100.115,25.57K,-0.07%
30-Mar-17,100.285,99.85,100.465,99.795,28.86K,0.45%
29-Mar-17,99.836,99.56,99.965,99.495,25.95K,0.29%
28-Mar-17,99.549,99.055,99.62,98.92,26.36K,0.58%
27-Mar-17,98.973,99.335,99.335,98.67,31.75K,-0.47%
24-Mar-17,99.442,99.57,99.815,99.355,22.92K,-0.12%
23-Mar-17,99.563,99.585,99.665,99.435,23.58K,0.10%
22-Mar-17,99.468,99.5,99.725,99.34,30.15K,-0.15%
21-Mar-17,99.614,100.175,100.18,99.46,33.89K,-0.62%
20-Mar-17,100.234,100.11,100.265,99.835,19.26K,0.12%
17-Mar-17,100.115,100.065,100.28,99.97,23.35K,-0.07%
16-Mar-17,100.185,100.345,100.58,100.045,36.55K,-0.39%
15-Mar-17,100.575,101.57,101.59,100.32,47.71K,-0.98%
14-Mar-17,101.574,101.285,101.66,101.215,22.53K,0.26%
13-Mar-17,101.31,101.28,101.4,101.03,1.62K,0.06%
10-Mar-17,101.247,101.945,101.98,101.18,18.21K,-0.59%
9-Mar-17,101.853,102.15,102.25,101.7,31.01K,-0.22%
8-Mar-17,102.076,101.76,102.185,101.705,51.02K,0.27%
7-Mar-17,101.805,101.74,101.905,101.52,20.65K,0.16%
6-Mar-17,101.645,101.44,101.74,101.225,38.66K,0.10%
3-Mar-17,101.548,102.08,102.165,101.335,61.01K,-0.64%
2-Mar-17,102.204,101.81,102.27,101.79,30.51K,0.42%
1-Mar-17,101.78,101.475,101.98,101.22,54.89K,0.64%
28-Feb-17,101.129,101.2,101.38,100.775,31.15K,0.00%
27-Feb-17,101.129,101.155,101.28,100.68,24.66K,0.04%
24-Feb-17,101.09,101.04,101.15,100.64,35.99K,0.04%
23-Feb-17,101.053,101.35,101.435,100.855,32.82K,-0.14%
22-Feb-17,101.194,101.36,101.715,101.155,38.97K,-0.16%
21-Feb-17,101.355,101.08,101.61,101.075,28.83K,0.40%
20-Feb-17,100.951,100.855,100.99,100.74,9.04K,0.00%
17-Feb-17,100.951,100.495,100.96,100.44,27.27K,0.52%
16-Feb-17,100.43,100.935,101.045,100.4,41.90K,-0.73%
15-Feb-17,101.164,101.315,101.75,100.975,42.91K,-0.07%
14-Feb-17,101.233,100.95,101.385,100.7,38.11K,0.28%
13-Feb-17,100.95,100.79,101.11,100.57,23.85K,0.16%
10-Feb-17,100.791,100.685,101.015,100.56,34.60K,0.14%
9-Feb-17,100.647,100.24,100.67,100.075,33.57K,0.38%
8-Feb-17,100.264,100.435,100.63,100.03,31.54K,0.02%
7-Feb-17,100.245,99.96,100.695,99.91,38.83K,0.38%
6-Feb-17,99.865,99.7,100.225,99.605,27.45K,0.02%
3-Feb-17,99.842,99.825,100.37,99.52,49.52K,0.05%
2-Feb-17,99.788,99.56,99.84,99.195,40.68K,0.18%
1-Feb-17,99.608,99.58,100.06,99.48,42.20K,0.13%
31-Jan-17,99.481,100.39,100.505,99.4,57.72K,-0.93%
30-Jan-17,100.414,100.43,101.015,100.145,38.52K,-0.11%
27-Jan-17,100.526,100.515,100.81,100.31,30.57K,0.15%
26-Jan-17,100.375,99.795,100.735,99.765,35.13K,0.36%
25-Jan-17,100.019,100.24,100.395,99.815,28.27K,-0.32%
24-Jan-17,100.339,99.98,100.395,99.885,29.39K,0.21%
23-Jan-17,100.13,100.75,100.75,99.92,40.27K,-0.56%
20-Jan-17,100.69,101.195,101.485,100.675,40.55K,-0.45%
19-Jan-17,101.144,101.36,101.71,100.955,53.38K,0.22%
18-Jan-17,100.918,100.33,101.335,100.315,39.87K,0.60%
17-Jan-17,100.32,101.56,101.615,100.235,61.48K,-0.86%
16-Jan-17,101.188,101.48,101.725,101.31,15.95K,0.00%
13-Jan-17,101.188,101.52,101.68,100.83,38.03K,-0.19%
12-Jan-17,101.377,101.72,101.77,100.7,54.03K,-0.36%
11-Jan-17,101.747,102.015,102.96,101.24,74.59K,-0.24%
10-Jan-17,101.996,101.85,102.09,101.485,33.33K,0.09%
9-Jan-17,101.909,102.245,102.49,101.845,31.02K,-0.29%
6-Jan-17,102.209,101.54,102.3,101.395,38.07K,0.67%
5-Jan-17,101.528,102.065,102.5,101.295,60.27K,-1.15%
4-Jan-17,102.709,103.35,103.42,102.385,36.18K,-0.48%
3-Jan-17,103.201,102.815,103.815,102.625,51.70K,0.89%
